,folds,test_auc,val_auc,test_acc,val_acc
0,0,0.9560439560439561,0.9375,0.8888888888888888,0.9310344827586207
1,1,1.0,0.9916666666666667,1.0,0.967741935483871
2,2,1.0,0.9611111111111112,1.0,0.8518518518518519
3,3,0.8583333333333333,1.0,0.8064516129032258,1.0
4,4,0.9545454545454545,0.9523809523809524,0.9130434782608696,0.8846153846153846
