,folds,test_auc,val_auc,test_acc,val_acc
0,0,0.9753086419753088,1.0,0.9565217391304348,1.0
1,1,0.9929824561403509,1.0,0.9701492537313433,1.0
2,2,1.0,1.0,0.9841269841269842,1.0
3,3,1.0,0.9972527472527473,0.9491525423728814,0.9855072463768116
4,4,1.0,1.0,1.0,1.0
