,folds,test_auc,val_auc,test_acc,val_acc
0,0,0.9718614718614718,0.9829545454545454,0.9496402877697842,0.9928571428571429
1,1,0.992283950617284,0.9474025974025974,0.9803921568627451,0.9867549668874173
2,2,0.9983545865898806,0.9990671641791045,0.9875,0.9929577464788732
3,3,0.9724873666479505,1.0,0.9733333333333334,1.0
4,4,0.9586854460093897,0.9932659932659932,0.9681528662420382,0.9794520547945206
