,folds,test_auc,val_auc,test_acc,val_acc
0,0,1.0,1.0,0.875,0.8571428571428572
1,1,1.0,1.0,0.7142857142857143,1.0
2,2,0.8333333333333334,1.0,0.8571428571428572,1.0
3,3,1.0,0.75,0.9,0.8333333333333334
4,4,0.888888888888889,1.0,0.7777777777777778,1.0
