,folds,test_auc,val_auc,test_acc,val_acc
0,0,0.9642857142857143,0.9820075757575758,0.9568345323741008,0.9857142857142858
1,1,0.9884259259259258,0.962987012987013,0.9803921568627451,0.9801324503311258
2,2,0.9995886466474702,1.0,0.9875,0.9929577464788732
3,3,0.9848399775407075,1.0,0.98,1.0
4,4,0.9840375586854461,1.0,0.9872611464968153,1.0
