,folds,test_auc,val_auc,test_acc,val_acc
0,0,0.875,1.0,0.8333333333333334,1.0
1,1,0.8666666666666667,1.0,0.875,1.0
2,2,0.9166666666666667,1.0,0.8571428571428572,0.8
3,3,1.0,1.0,0.8,1.0
4,4,1.0,1.0,0.8571428571428572,1.0
