,folds,test_auc,val_auc,test_acc,val_acc
0,0,0.9707792207792207,0.9583333333333334,0.9424460431654677,0.9928571428571429
1,1,0.9945987654320988,0.9448051948051948,0.9803921568627451,0.9867549668874173
2,2,0.9950637597696421,0.9990671641791045,0.9875,0.9929577464788732
3,3,0.978663672094329,1.0,0.98,1.0
4,4,0.9690140845070423,0.9932659932659933,0.9745222929936306,0.9794520547945206
