,folds,test_auc,val_auc,test_acc,val_acc
0,0,0.9725274725274725,0.9855769230769231,0.8888888888888888,0.896551724137931
1,1,0.9333333333333333,0.9875,0.8846153846153846,0.9032258064516129
2,2,1.0,1.0,1.0,1.0
3,3,0.9416666666666667,1.0,0.9032258064516129,1.0
4,4,0.9696969696969697,0.9821428571428572,0.9130434782608696,0.8846153846153846
