,folds,test_auc,val_auc,test_acc,val_acc
0,0,0.9387755102040817,1.0,0.7857142857142857,0.9285714285714286
1,1,1.0,0.9333333333333333,0.9230769230769231,0.9285714285714286
2,2,0.9166666666666667,0.9259259259259259,0.8125,0.8666666666666667
3,3,1.0,1.0,1.0,0.9285714285714286
4,4,0.984375,1.0,0.875,1.0
