,folds,test_auc,val_auc,test_acc,val_acc
0,0,0.8333333333333334,0.875,0.8,0.8333333333333334
1,1,1.0,0.625,1.0,0.6666666666666667
2,2,1.0,1.0,0.8333333333333334,1.0
3,3,1.0,1.0,1.0,1.0
4,4,1.0,1.0,0.8333333333333334,0.6666666666666667
