,folds,test_auc,val_auc,test_acc,val_acc
0,0,0.9259259259259259,1.0,0.8,0.9
1,1,0.9600000000000001,1.0,0.9,0.9090909090909091
2,2,1.0,0.9791666666666666,1.0,0.8571428571428572
3,3,0.979591836734694,0.9,0.8571428571428572,0.9090909090909091
4,4,1.0,0.9,0.8333333333333334,0.7692307692307692
