,folds,test_auc,val_auc,test_acc,val_acc
0,0,0.9725274725274725,0.9807692307692307,0.8888888888888888,0.896551724137931
1,1,0.9393939393939394,0.9958333333333333,0.9230769230769231,0.935483870967742
2,2,1.0,1.0,0.9642857142857143,1.0
3,3,0.9375,1.0,0.8709677419354839,1.0
4,4,0.9772727272727273,0.9940476190476191,0.9130434782608696,0.9230769230769231
